{
    "status": "success",
    "data": {
        "user_id": "L2314",
        "user_type": "individual",
        "email": "kanu@gmail.com",
        "user_name": "kanu lala",
        "user_shortname": "KL",
        "broker": "ZERODHA",
        "exchanges": [
            "BFO",
            "MCX",
            "NSE",
            "CDS",
            "BSE",
            "BCD",
            "MF",
            "NFO"
        ],
        "products": [
            "CNC",
            "NRML",
            "MIS",
            "BO",
            "CO"
        ],
        "order_types": [
            "MARKET",
            "LIMIT",
            "SL",
            "SL-M"
        ],
        "avatar_url": null,
        "meta": {
            "demat_consent": "physical"
        }
    }
}